topic,similarity,nouns,probabilities
175,0.06449137677368758,"['お客さん', '後ろ', '毛穴', '元君', 'CPU', '総額', 'スペック', '田曽', '鉄の女', 'トム']","[0.5060083, 0.46842974, 1.2500946e-06, 1.2500946e-06, 1.2500946e-06, 1.2500946e-06, 1.2500946e-06, 1.2500946e-06, 1.2500946e-06, 1.2500946e-06]"
172,0.062953487254198,"['気持ち', 'まあ', '元君', 'ルンド', '総額', 'スペック', '田曽', '鉄の女', '毛穴', '生理']","[0.9637017, 0.026283542, 4.8976665e-07, 4.8976665e-07, 4.8976665e-07, 4.8976665e-07, 4.8976665e-07, 4.8976665e-07, 4.8976665e-07, 4.8976665e-07]"
105,0.06274360205592654,"['ロケ', 'グミ', 'タン', '塩味', 'ケン', '田曽', '鉄の女', 'スペック', 'CPU', '総額']","[0.90956324, 0.03272626, 0.0129345115, 0.012465599, 0.0015997331, 1.502118e-06, 1.502118e-06, 1.502118e-06, 1.502118e-06, 1.502118e-06]"
65,0.06271373069785302,"['大谷', 'モノマネ', '元君', '争奪戦', 'CPU', '総額', 'スペック', '田曽', '鉄の女', '毛穴']","[0.77598554, 0.17874381, 2.213943e-06, 2.213943e-06, 2.213943e-06, 2.213943e-06, 2.213943e-06, 2.213943e-06, 2.213943e-06, 2.213943e-06]"
10,0.06270847032771068,"['最初', '言い方', 'シロ', '元君', 'ニスヤキ', 'スペック', '田曽', '鉄の女', '毛穴', '生理']","[0.84632933, 0.14689548, 0.00011242272, 3.2587474e-07, 3.2587474e-07, 3.2587474e-07, 3.2587474e-07, 3.2587474e-07, 3.2587474e-07, 3.2587474e-07]"
0,0.06244327622150685,"['年ぶり', '基準', '生理', '仕事始め', '総額', 'スペック', '田曽', '鉄の女', '毛穴', '争奪戦']","[0.9510518, 0.013945297, 1.7118016e-06, 1.7118016e-06, 1.7118016e-06, 1.7118016e-06, 1.7118016e-06, 1.7118016e-06, 1.7118016e-06, 1.7118016e-06]"
124,0.06234850432009979,"['全員', 'ただ', 'イカ', '毛穴', '元君', 'CPU', '総額', 'スペック', '田曽', '鉄の女']","[0.6637895, 0.3065993, 0.016483063, 6.420456e-07, 6.420456e-07, 6.420456e-07, 6.420456e-07, 6.420456e-07, 6.420456e-07, 6.420456e-07]"
76,0.062335996770362334,"['最後', '仕事始め', 'ニスヤキ', 'スペック', '田曽', '鉄の女', '毛穴', '生理', '元君', 'CPU']","[0.9888372, 5.45889e-07, 5.45889e-07, 5.45889e-07, 5.45889e-07, 5.45889e-07, 5.45889e-07, 5.45889e-07, 5.45889e-07, 5.45889e-07]"
6,0.06207900156971199,"['子供', 'バッチ', 'ボス', '仕事始め', '総額', 'スペック', '田曽', '鉄の女', '毛穴', '生理']","[0.9511463, 0.01711264, 0.0075839013, 1.1814504e-06, 1.1814504e-06, 1.1814504e-06, 1.1814504e-06, 1.1814504e-06, 1.1814504e-06, 1.1814504e-06]"
81,0.061958588363346265,"['ファン', '画像', '生理', 'CPU', '総額', 'スペック', '田曽', '鉄の女', '毛穴', '争奪戦']","[0.935961, 0.047339987, 8.166465e-07, 8.166465e-07, 8.166465e-07, 8.166465e-07, 8.166465e-07, 8.166465e-07, 8.166465e-07, 8.166465e-07]"
166,0.061392212772183784,"['最終', 'マン', '運命', '仕事始め', 'スペック', '田曽', '鉄の女', '毛穴', '生理', '元君']","[0.6164098, 0.1916281, 0.1581675, 1.6527816e-06, 1.6527816e-06, 1.6527816e-06, 1.6527816e-06, 1.6527816e-06, 1.6527816e-06, 1.6527816e-06]"
53,0.06113617554802188,"['背中', '世界', '代わり', 'エンディング', '体力', '忘れないで', '鉄の女', 'CPU', '田曽', '総額']","[0.44585764, 0.34339958, 0.12050362, 0.061649676, 0.019019637, 0.0015579137, 3.9189942e-07, 3.9189942e-07, 3.9189942e-07, 3.9189942e-07]"
182,0.06106776118938957,"['バンド', '武道館', '時計', 'バン', 'ベタ', 'ポジション', '散々', '毛穴', '生理', '鉄の女']","[0.5029575, 0.2376345, 0.1653508, 0.033304606, 0.02193065, 0.019957397, 0.0005315593, 8.9679054e-07, 8.9679054e-07, 8.9679054e-07]"
90,0.06105334557296403,"['たん', '仕事始め', '総額', 'スペック', '田曽', '鉄の女', '毛穴', '生理', '元君', 'CPU']","[0.97864187, 1.0444427e-06, 1.0444427e-06, 1.0444427e-06, 1.0444427e-06, 1.0444427e-06, 1.0444427e-06, 1.0444427e-06, 1.0444427e-06, 1.0444427e-06]"
9,0.06065674446433002,"['本気', 'ルンド', '総額', 'スペック', '田曽', '鉄の女', '毛穴', '生理', '元君', '争奪戦']","[0.924946, 3.6702938e-06, 3.6702938e-06, 3.6702938e-06, 3.6702938e-06, 3.6702938e-06, 3.6702938e-06, 3.6702938e-06, 3.6702938e-06, 3.6702938e-06]"
44,0.0606296825890668,"['いくら', 'ぬいぐるみ', '万円', '田曽', '鉄の女', 'スペック', '争奪戦', 'CPU', '元君', '総額']","[0.8815907, 0.061130777, 0.04929226, 3.9056644e-07, 3.9056644e-07, 3.9056644e-07, 3.9056644e-07, 3.9056644e-07, 3.9056644e-07, 3.9056644e-07]"
168,0.06056142337783203,"['人気', '仕事始め', '総額', 'スペック', '田曽', '鉄の女', '毛穴', '生理', '元君', 'CPU']","[0.92264795, 3.7826926e-06, 3.7826926e-06, 3.7826926e-06, 3.7826926e-06, 3.7826926e-06, 3.7826926e-06, 3.7826926e-06, 3.7826926e-06, 3.7826926e-06]"
45,0.06041749506591419,"['ベッド', '太郎', '元君', 'CPU', '総額', 'スペック', '田曽', '鉄の女', '毛穴', '生理']","[0.88073534, 0.088268384, 1.5158641e-06, 1.5158641e-06, 1.5158641e-06, 1.5158641e-06, 1.5158641e-06, 1.5158641e-06, 1.5158641e-06, 1.5158641e-06]"
19,0.06020909848081372,"['距離', '通り', '生理', '仕事始め', 'CPU', '総額', 'スペック', '田曽', '鉄の女', '毛穴']","[0.6752755, 0.30312395, 1.0563618e-06, 1.0563618e-06, 1.0563618e-06, 1.0563618e-06, 1.0563618e-06, 1.0563618e-06, 1.0563618e-06, 1.0563618e-06]"
22,0.06020429795177747,"['LINE', '仕事始め', '総額', 'スペック', '田曽', '鉄の女', '毛穴', '生理', '元君', 'ルンド']","[0.96914214, 1.5090324e-06, 1.5090324e-06, 1.5090324e-06, 1.5090324e-06, 1.5090324e-06, 1.5090324e-06, 1.5090324e-06, 1.5090324e-06, 1.5090324e-06]"
47,0.06018204717898991,"['残り', 'ハサミ', '恐竜', '鉄の女', '毛穴', '元君', '総額', 'スペック', 'ニスヤキ', '田曽']","[0.92493683, 0.024338176, 0.0006007343, 2.4514318e-06, 2.4514318e-06, 2.4514318e-06, 2.4514318e-06, 2.4514318e-06, 2.4514318e-06, 2.4514318e-06]"
32,0.06007978490068057,"['藤原', '英語', '角度', 'スマブラ', '正面', 'グラウンド', '田曽', '総額', 'トム', 'CPU']","[0.2801922, 0.23343751, 0.22253817, 0.10337818, 0.09381318, 0.032805968, 1.655002e-06, 1.655002e-06, 1.655002e-06, 1.655002e-06]"
163,0.059977594228751575,"['こん', '対象', '酢豚', 'カメラマン', '鉄の女', '生理', '毛穴', 'スペック', 'ルンド', '田曽']","[0.78315085, 0.17754401, 0.011675058, 0.005787492, 1.068301e-06, 1.068301e-06, 1.068301e-06, 1.068301e-06, 1.068301e-06, 1.068301e-06]"
96,0.0599457452838808,"['春日', 'チャンス', '元君', 'CPU', '総額', 'スペック', '田曽', '鉄の女', '毛穴', '生理']","[0.50118065, 0.43683293, 3.031404e-06, 3.031404e-06, 3.031404e-06, 3.031404e-06, 3.031404e-06, 3.031404e-06, 3.031404e-06, 3.031404e-06]"
62,0.05969642881660843,"['たま', 'ペットボトル', 'こんばんは', 'おいで', 'ひかり', '総額', '密室', 'スペック', '鉄の女', 'CPU']","[0.6587538, 0.23201022, 0.051268317, 0.02673321, 0.008292823, 1.1221184e-06, 1.1221184e-06, 1.1221184e-06, 1.1221184e-06, 1.1221184e-06]"
179,0.05954797765418168,"['言葉', '性格', '元君', 'ルンド', 'スペック', '田曽', '鉄の女', '毛穴', '生理', 'CPU']","[0.9669301, 0.016239958, 8.230542e-07, 8.230542e-07, 8.230542e-07, 8.230542e-07, 8.230542e-07, 8.230542e-07, 8.230542e-07, 8.230542e-07]"
125,0.05948583679803006,"['本人', '仕事始め', 'ニスヤキ', 'スペック', '田曽', '鉄の女', '毛穴', '生理', '元君', 'CPU']","[0.90292525, 4.747153e-06, 4.747153e-06, 4.747153e-06, 4.747153e-06, 4.747153e-06, 4.747153e-06, 4.747153e-06, 4.747153e-06, 4.747153e-06]"
110,0.05943828947736424,"['真ん中', 'バイク', 'ジム', '端っこ', '生理', '総額', 'スペック', '田曽', '鉄の女', '毛穴']","[0.48267215, 0.3276098, 0.10367319, 0.06289267, 1.1323538e-06, 1.1323538e-06, 1.1323538e-06, 1.1323538e-06, 1.1323538e-06, 1.1323538e-06]"
144,0.059329526613956754,"['皆さん', '日本', 'ソウル', '毛穴', '生理', '田曽', '鉄の女', 'スペック', '仕事始め', '総額']","[0.70732445, 0.28322968, 0.0055206018, 1.919871e-07, 1.919871e-07, 1.919871e-07, 1.919871e-07, 1.919871e-07, 1.919871e-07, 1.919871e-07]"
52,0.059256517205072114,"['ゲスト', '仕事始め', 'ニスヤキ', 'スペック', '田曽', '鉄の女', '毛穴', '生理', '元君', 'CPU']","[0.9663617, 1.6449666e-06, 1.6449666e-06, 1.6449666e-06, 1.6449666e-06, 1.6449666e-06, 1.6449666e-06, 1.6449666e-06, 1.6449666e-06, 1.6449666e-06]"
142,0.05922809506902377,"['仲間', '魔法', 'ひとり', 'ナイト', 'メロン', 'ルンド', '元君', '毛穴', '仕事始め', '鉄の女']","[0.6979747, 0.10913921, 0.09403304, 0.040305264, 0.0026458795, 2.7342503e-06, 2.7342503e-06, 2.7342503e-06, 2.7342503e-06, 2.7342503e-06]"
27,0.058951701554832606,"['北海道', 'プロ', 'プロレス', '熊本', '田曽', '元君', 'スペック', '鉄の女', '仕事始め', '生理']","[0.5673866, 0.31409347, 0.08665045, 0.004973328, 1.3154787e-06, 1.3154787e-06, 1.3154787e-06, 1.3154787e-06, 1.3154787e-06, 1.3154787e-06]"
178,0.05894995259877234,"['野球', '目標', '関西', '元君', 'CPU', '総額', 'スペック', '田曽', '鉄の女', '毛穴']","[0.7055128, 0.15629093, 0.123515844, 7.179742e-07, 7.179742e-07, 7.179742e-07, 7.179742e-07, 7.179742e-07, 7.179742e-07, 7.179742e-07]"
5,0.05892433890752188,"['学校', 'こだわり', '仕事始め', '総額', 'スペック', '田曽', '鉄の女', '毛穴', '生理', '元君']","[0.8600758, 0.11853247, 1.046139e-06, 1.046139e-06, 1.046139e-06, 1.046139e-06, 1.046139e-06, 1.046139e-06, 1.046139e-06, 1.046139e-06]"
49,0.05890382233836809,"['思い出', 'you', '弾き語り', '仕事始め', 'スペック', '田曽', '鉄の女', '毛穴', '生理', '元君']","[0.8284958, 0.12674761, 0.017409766, 1.337456e-06, 1.337456e-06, 1.337456e-06, 1.337456e-06, 1.337456e-06, 1.337456e-06, 1.337456e-06]"
134,0.058898820364821546,"['ギャル', 'アニメ', '中心', '主人公', '田曽', '毛穴', '争奪戦', 'CPU', '総額', 'スペック']","[0.33200693, 0.32237333, 0.18375266, 0.14270687, 9.371301e-07, 9.371301e-07, 9.371301e-07, 9.371301e-07, 9.371301e-07, 9.371301e-07]"
24,0.058774279070759015,"['ねこ', '真っ赤', '元君', 'ルンド', '総額', 'スペック', '田曽', '鉄の女', '毛穴', '生理']","[0.94651896, 0.0021029816, 2.5126262e-06, 2.5126262e-06, 2.5126262e-06, 2.5126262e-06, 2.5126262e-06, 2.5126262e-06, 2.5126262e-06, 2.5126262e-06]"
156,0.058747876505635566,"['アプリ', '生配信', '届け', 'アカウント', '無料', '同時', 'ライブ映像', 'ライブ配信', '鉄の女', 'CPU']","[0.23616742, 0.23069131, 0.15550624, 0.110264525, 0.073931314, 0.06517327, 0.06408566, 0.055933755, 4.0340902e-07, 4.0340902e-07]"
16,0.058729643643480454,"['ご飯', '友達', '収録中', 'ルンド', 'スペック', '田曽', '鉄の女', '毛穴', '生理', '元君']","[0.5290809, 0.46489546, 0.0014621424, 2.2309482e-07, 2.2309482e-07, 2.2309482e-07, 2.2309482e-07, 2.2309482e-07, 2.2309482e-07, 2.2309482e-07]"
122,0.05859263156174399,"['フェス', '久々', '生理', 'CPU', '総額', 'スペック', '田曽', '鉄の女', '毛穴', '争奪戦']","[0.88012433, 0.08517878, 1.6968448e-06, 1.6968448e-06, 1.6968448e-06, 1.6968448e-06, 1.6968448e-06, 1.6968448e-06, 1.6968448e-06, 1.6968448e-06]"
173,0.05835761945357655,"['トイレ', '笑顔', '毛穴', '生理', '争奪戦', 'CPU', '総額', 'スペック', '田曽', '鉄の女']","[0.7387772, 0.23043534, 1.5056612e-06, 1.5056612e-06, 1.5056612e-06, 1.5056612e-06, 1.5056612e-06, 1.5056612e-06, 1.5056612e-06, 1.5056612e-06]"
93,0.05832717760323253,"['おじさん', '好きだ', '元君', 'CPU', '総額', 'スペック', '田曽', '鉄の女', '毛穴', '生理']","[0.86044014, 0.1209835, 9.0847607e-07, 9.0847607e-07, 9.0847607e-07, 9.0847607e-07, 9.0847607e-07, 9.0847607e-07, 9.0847607e-07, 9.0847607e-07]"
20,0.058307770765210334,"['家族', 'あん', '元君', 'ルンド', '総額', 'スペック', '田曽', '鉄の女', '毛穴', '生理']","[0.530128, 0.4504856, 9.4807444e-07, 9.4807444e-07, 9.4807444e-07, 9.4807444e-07, 9.4807444e-07, 9.4807444e-07, 9.4807444e-07, 9.4807444e-07]"
146,0.05803436825363626,"['タイトル', '界隈', '元君', 'ルンド', '総額', 'スペック', '田曽', '鉄の女', '毛穴', '生理']","[0.90009916, 0.054188125, 2.2355514e-06, 2.2355514e-06, 2.2355514e-06, 2.2355514e-06, 2.2355514e-06, 2.2355514e-06, 2.2355514e-06, 2.2355514e-06]"
127,0.057827030188783254,"['周り', '大会', '元君', '総額', 'スペック', '田曽', '鉄の女', '毛穴', '生理', '争奪戦']","[0.62968636, 0.33615535, 1.6704955e-06, 1.6704955e-06, 1.6704955e-06, 1.6704955e-06, 1.6704955e-06, 1.6704955e-06, 1.6704955e-06, 1.6704955e-06]"
192,0.05778918034697559,"['女性', 'リハ', '水筒', '口調', '元君', '総額', 'スペック', '田曽', '鉄の女', '毛穴']","[0.72848785, 0.22333288, 0.022006057, 0.011404898, 7.223109e-07, 7.223109e-07, 7.223109e-07, 7.223109e-07, 7.223109e-07, 7.223109e-07]"
86,0.05771657848111078,"['かさ', '元君', '仕事始め', '総額', 'スペック', '田曽', '鉄の女', '毛穴', '生理', '争奪戦']","[0.8939971, 5.1837706e-06, 5.1837706e-06, 5.1837706e-06, 5.1837706e-06, 5.1837706e-06, 5.1837706e-06, 5.1837706e-06, 5.1837706e-06, 5.1837706e-06]"
59,0.05768559589452784,"['ツッコミ', '業界', '基本的', 'ねた', 'スペック', '田曽', '毛穴', '総額', '元君', 'CPU']","[0.43914247, 0.29350564, 0.17010346, 0.06773695, 1.4434027e-06, 1.4434027e-06, 1.4434027e-06, 1.4434027e-06, 1.4434027e-06, 1.4434027e-06]"
170,0.05768035693976644,"['星野源', '話題', '時刻', 'アナちゃん', '鉄の女', '毛穴', '総額', '仕事始め', 'スペック', '田曽']","[0.54679465, 0.37836695, 0.033527967, 0.0026505673, 1.8908175e-06, 1.8908175e-06, 1.8908175e-06, 1.8908175e-06, 1.8908175e-06, 1.8908175e-06]"
71,0.05765506647457007,"['ノリ', 'おかげ', '生理', '仕事始め', 'CPU', '総額', 'スペック', '田曽', '鉄の女', '毛穴']","[0.5928784, 0.37331116, 1.6534849e-06, 1.6534849e-06, 1.6534849e-06, 1.6534849e-06, 1.6534849e-06, 1.6534849e-06, 1.6534849e-06, 1.6534849e-06]"
194,0.05765056148886281,"['ジャム', '需要', 'クオリティ', 'カン', 'なんとかなる', '生理', 'スペック', '田曽', 'ルンド', '鉄の女']","[0.45609197, 0.17602192, 0.17042296, 0.084860004, 0.05451295, 2.8412971e-06, 2.8412971e-06, 2.8412971e-06, 2.8412971e-06, 2.8412971e-06]"
113,0.057648020668123356,"['素人', '子供たち', 'サメ', '毛穴', '仕事始め', 'CPU', '総額', 'スペック', '田曽', '鉄の女']","[0.5099547, 0.40009943, 0.02347839, 3.2507205e-06, 3.2507205e-06, 3.2507205e-06, 3.2507205e-06, 3.2507205e-06, 3.2507205e-06, 3.2507205e-06]"
135,0.057550120289414454,"['部分', 'カス', '生理', 'CPU', '総額', 'スペック', '田曽', '鉄の女', '毛穴', 'トム']","[0.6931776, 0.27680668, 1.467895e-06, 1.467895e-06, 1.467895e-06, 1.467895e-06, 1.467895e-06, 1.467895e-06, 1.467895e-06, 1.467895e-06]"
7,0.05749384571705142,"['なんだろう', 'いいじゃない', '普通に', '出演者', '元君', '総額', 'スペック', '田曽', '鉄の女', '毛穴']","[0.8309299, 0.07676796, 0.0459219, 0.03840709, 3.8995424e-07, 3.8995424e-07, 3.8995424e-07, 3.8995424e-07, 3.8995424e-07, 3.8995424e-07]"
80,0.057450962820352024,"['未来', 'ハッシュタグ', '博士', '元君', 'ルンド', 'スペック', '田曽', '鉄の女', '毛穴', '生理']","[0.5487187, 0.41982284, 0.010472276, 1.0263766e-06, 1.0263766e-06, 1.0263766e-06, 1.0263766e-06, 1.0263766e-06, 1.0263766e-06, 1.0263766e-06]"
188,0.057166636740525266,"['フリ', '永遠', '運動神経', '元君', '生理', '鉄の女', '毛穴', '田曽', 'ニスヤキ', 'スペック']","[0.52522147, 0.26753473, 0.081578545, 6.145901e-06, 6.145901e-06, 6.145901e-06, 6.145901e-06, 6.145901e-06, 6.145901e-06, 6.145901e-06]"
68,0.057161980701255354,"['カメラ', 'お茶', 'ろう', '生理', 'CPU', '総額', 'スペック', '田曽', '鉄の女', '毛穴']","[0.45009962, 0.42564684, 0.08565543, 1.8877294e-06, 1.8877294e-06, 1.8877294e-06, 1.8877294e-06, 1.8877294e-06, 1.8877294e-06, 1.8877294e-06]"
60,0.057152178132243645,"['漫才', 'いとこ', '世間', '生理', 'CPU', '総額', 'スペック', '田曽', '鉄の女', '毛穴']","[0.8133926, 0.119895734, 0.032528512, 1.6717946e-06, 1.6717946e-06, 1.6717946e-06, 1.6717946e-06, 1.6717946e-06, 1.6717946e-06, 1.6717946e-06]"
177,0.05703867818689836,"['事務所', '仕事始め', 'ニスヤキ', 'スペック', '田曽', '鉄の女', '毛穴', '生理', '元君', 'CPU']","[0.96821976, 1.5541259e-06, 1.5541259e-06, 1.5541259e-06, 1.5541259e-06, 1.5541259e-06, 1.5541259e-06, 1.5541259e-06, 1.5541259e-06, 1.5541259e-06]"
118,0.05680719871451086,"['理由', 'CM', 'お姉ちゃん', '生理', 'ルンド', '総額', 'スペック', '田曽', '鉄の女', '毛穴']","[0.50283, 0.40578878, 0.072192796, 9.3844676e-07, 9.3844676e-07, 9.3844676e-07, 9.3844676e-07, 9.3844676e-07, 9.3844676e-07, 9.3844676e-07]"
37,0.05677928195895428,"['かね', 'ほんま', 'サクッ', '毛穴', '争奪戦', 'CPU', '総額', 'スペック', '田曽', '鉄の女']","[0.85187155, 0.12166274, 0.0074444143, 9.3027273e-07, 9.3027273e-07, 9.3027273e-07, 9.3027273e-07, 9.3027273e-07, 9.3027273e-07, 9.3027273e-07]"
129,0.05671382684788571,"['つけ', 'サビ', 'バイバイ', 'ピアス', '鉄の女', 'スペック', '毛穴', '生理', '田曽', '総額']","[0.3775576, 0.25895151, 0.18814524, 0.08953045, 4.197154e-06, 4.197154e-06, 4.197154e-06, 4.197154e-06, 4.197154e-06, 4.197154e-06]"
25,0.05664550624415763,"['かも', '調子', '光景', '鉄の女', 'スペック', '毛穴', 'CPU', '田曽', '仕事始め', '総額']","[0.4897349, 0.3645896, 0.10099052, 2.185415e-06, 2.185415e-06, 2.185415e-06, 2.185415e-06, 2.185415e-06, 2.185415e-06, 2.185415e-06]"
102,0.056299668331482075,"['情報', 'よろしくお願いします', '自信', '生理', '総額', 'スペック', '田曽', '鉄の女', '毛穴', 'CPU']","[0.4299598, 0.40720236, 0.14926891, 6.636141e-07, 6.636141e-07, 6.636141e-07, 6.636141e-07, 6.636141e-07, 6.636141e-07, 6.636141e-07]"
87,0.05627527644176229,"['タイ', 'エックス', '受け', '手のひら', '会議室', '毛穴', '鉄の女', '生理', '田曽', '総額']","[0.74245715, 0.099061824, 0.052042153, 0.042187463, 0.014576651, 2.429672e-06, 2.429672e-06, 2.429672e-06, 2.429672e-06, 2.429672e-06]"
167,0.056162803738815645,"['ライブ', '楽屋', '出川', '元君', '生理', '仕事始め', 'スペック', '田曽', 'ニスヤキ', '鉄の女']","[0.72854257, 0.192373, 0.07203488, 3.4476517e-07, 3.4476517e-07, 3.4476517e-07, 3.4476517e-07, 3.4476517e-07, 3.4476517e-07, 3.4476517e-07]"
35,0.05610592576474406,"['多分', 'この世', '上位', '仕事始め', 'スペック', '田曽', '鉄の女', '毛穴', '生理', '元君']","[0.90235525, 0.053644795, 0.036863554, 3.4901183e-07, 3.4901183e-07, 3.4901183e-07, 3.4901183e-07, 3.4901183e-07, 3.4901183e-07, 3.4901183e-07]"
51,0.056082215577751324,"['マジで', '印象', '生理', '仕事始め', 'CPU', '総額', 'スペック', '田曽', '鉄の女', '毛穴']","[0.81570643, 0.17836785, 2.89798e-07, 2.89798e-07, 2.89798e-07, 2.89798e-07, 2.89798e-07, 2.89798e-07, 2.89798e-07, 2.89798e-07]"
107,0.056008852088449114,"['ネット', '芸能人', '韓国', 'らい', '生理', '総額', 'スペック', '田曽', '鉄の女', '毛穴']","[0.6170381, 0.20155121, 0.13023311, 0.02271013, 1.3923394e-06, 1.3923394e-06, 1.3923394e-06, 1.3923394e-06, 1.3923394e-06, 1.3923394e-06]"
2,0.0559193795015395,"['事前', '唯一', 'バスケ部', 'みち', 'スペック', '田曽', '毛穴', 'CPU', '総額', '争奪戦']","[0.3841698, 0.36540893, 0.20502469, 0.005524987, 1.9500942e-06, 1.9500942e-06, 1.9500942e-06, 1.9500942e-06, 1.9500942e-06, 1.9500942e-06]"
123,0.055895957724708865,"['クラス', 'おじいちゃん', 'くら', 'ドット', '鉄の女', '毛穴', '元君', '田曽', 'ニスヤキ', 'スペック']","[0.82492316, 0.10886124, 0.04806735, 0.000363337, 8.698354e-07, 8.698354e-07, 8.698354e-07, 8.698354e-07, 8.698354e-07, 8.698354e-07]"
132,0.05586684164538848,"['リアクション', 'かなり', 'なのは', '生理', 'ルンド', '総額', 'スペック', '田曽', '鉄の女', '毛穴']","[0.7378495, 0.1858942, 0.008847742, 3.2967616e-06, 3.2967616e-06, 3.2967616e-06, 3.2967616e-06, 3.2967616e-06, 3.2967616e-06, 3.2967616e-06]"
159,0.05585753773751282,"['最高', 'いいね', 'お父さん', '町田', '田曽', '毛穴', '総額', '鉄の女', '仕事始め', 'スペック']","[0.44824207, 0.42614213, 0.09186318, 0.02273361, 5.3893064e-07, 5.3893064e-07, 5.3893064e-07, 5.3893064e-07, 5.3893064e-07, 5.3893064e-07]"
103,0.05579358068494774,"['現地', 'タレント', 'それはちょっと', '元君', '総額', 'スペック', '田曽', '鉄の女', '毛穴', '生理']","[0.45214698, 0.32674542, 0.1762625, 2.193228e-06, 2.193228e-06, 2.193228e-06, 2.193228e-06, 2.193228e-06, 2.193228e-06, 2.193228e-06]"
64,0.05570447413374037,"['スタッフ', 'したこと', '生理', '仕事始め', 'CPU', '総額', 'スペック', '田曽', '鉄の女', '毛穴']","[0.9677629, 0.0239446, 4.0553888e-07, 4.0553888e-07, 4.0553888e-07, 4.0553888e-07, 4.0553888e-07, 4.0553888e-07, 4.0553888e-07, 4.0553888e-07]"
99,0.055685054310568693,"['どん', 'ギリ', '通路', '真実', '毛穴', '生理', '田曽', '鉄の女', 'スペック', 'ルンド']","[0.64049006, 0.23794505, 0.042343218, 0.012390406, 3.2686696e-06, 3.2686696e-06, 3.2686696e-06, 3.2686696e-06, 3.2686696e-06, 3.2686696e-06]"
153,0.05566524666435936,"['新曲', 'DNA', 'マシンガン', '生理', 'CPU', '総額', 'スペック', '田曽', '鉄の女', '毛穴']","[0.87137324, 0.03136352, 0.021041155, 3.7277862e-06, 3.7277862e-06, 3.7277862e-06, 3.7277862e-06, 3.7277862e-06, 3.7277862e-06, 3.7277862e-06]"
106,0.055577411468655004,"['スタジオ', 'アイドル', 'ソロ', 'あい', '総額', '争奪戦', 'スペック', '鉄の女', 'CPU', 'トム']","[0.56942964, 0.30997908, 0.06972673, 0.037295222, 6.636702e-07, 6.636702e-07, 6.636702e-07, 6.636702e-07, 6.636702e-07, 6.636702e-07]"
79,0.05537747096642422,"['恒例', 'ブチ', '自腹', '材料', '日朝', '鉄の女', 'CPU', '総額', 'スペック', '田曽']","[0.3132858, 0.24694028, 0.21136598, 0.11254521, 0.05737424, 2.8607699e-06, 2.8607699e-06, 2.8607699e-06, 2.8607699e-06, 2.8607699e-06]"
14,0.055283396244676666,"['世代', '歴史', '生理', '元君', '総額', 'スペック', '田曽', '鉄の女', '毛穴', '争奪戦']","[0.6254368, 0.33367038, 1.99984e-06, 1.99984e-06, 1.99984e-06, 1.99984e-06, 1.99984e-06, 1.99984e-06, 1.99984e-06, 1.99984e-06]"
112,0.05515588391177637,"['気合', 'アノ', '元君', '仕事始め', '総額', 'スペック', '田曽', '鉄の女', '毛穴', '生理']","[0.6860869, 0.2442995, 3.4044272e-06, 3.4044272e-06, 3.4044272e-06, 3.4044272e-06, 3.4044272e-06, 3.4044272e-06, 3.4044272e-06, 3.4044272e-06]"
36,0.05506833298317783,"['地域', '本番前', 'オンエア', '仕事始め', '総額', 'スペック', '田曽', '鉄の女', '毛穴', '生理']","[0.5361278, 0.2467736, 0.1512262, 3.2216237e-06, 3.2216237e-06, 3.2216237e-06, 3.2216237e-06, 3.2216237e-06, 3.2216237e-06, 3.2216237e-06]"
191,0.05505113276875058,"['動画', 'マイク', 'バランス', '当て', '元君', '総額', 'スペック', '田曽', '鉄の女', '毛穴']","[0.4320016, 0.38756427, 0.1484599, 0.0032485966, 1.4049585e-06, 1.4049585e-06, 1.4049585e-06, 1.4049585e-06, 1.4049585e-06, 1.4049585e-06]"
4,0.05502230598526623,"['野菜', 'スポット', '生理', '元君', '総額', 'スペック', '田曽', '鉄の女', '毛穴', '争奪戦']","[0.74046016, 0.16445768, 4.6499536e-06, 4.6499536e-06, 4.6499536e-06, 4.6499536e-06, 4.6499536e-06, 4.6499536e-06, 4.6499536e-06, 4.6499536e-06]"
42,0.0549764444355045,"['タオル', '才能', 'ジャンル', 'タッチパネル', '仕事始め', '田曽', '鉄の女', '毛穴', '生理', '元君']","[0.37943032, 0.2911671, 0.24479519, 0.026741255, 2.830193e-06, 2.830193e-06, 2.830193e-06, 2.830193e-06, 2.830193e-06, 2.830193e-06]"
116,0.05486618361317106,"['海外', '風呂', '状況', '元君', 'ルンド', 'スペック', '田曽', '鉄の女', '毛穴', '生理']","[0.42581537, 0.29851335, 0.2629526, 6.220257e-07, 6.220257e-07, 6.220257e-07, 6.220257e-07, 6.220257e-07, 6.220257e-07, 6.220257e-07]"
66,0.054812612188396205,"['自己紹介', '冒頭', '魅力', '毛穴', '争奪戦', 'CPU', '総額', 'スペック', '田曽', '鉄の女']","[0.37667108, 0.30596742, 0.23319872, 4.11615e-06, 4.11615e-06, 4.11615e-06, 4.11615e-06, 4.11615e-06, 4.11615e-06, 4.11615e-06]"
185,0.054754686294445444,"['一緒に', '文字', '生き物', '生理', 'ルンド', '総額', 'スペック', '田曽', '鉄の女', '毛穴']","[0.74627376, 0.20382826, 0.029801084, 9.828854e-07, 9.828854e-07, 9.828854e-07, 9.828854e-07, 9.828854e-07, 9.828854e-07, 9.828854e-07]"
89,0.05456681933118503,"['会社', '一曲', 'かわいいよ', '元君', '総額', 'スペック', '田曽', '鉄の女', '毛穴', '生理']","[0.6145466, 0.32279113, 0.040588245, 1.0795776e-06, 1.0795776e-06, 1.0795776e-06, 1.0795776e-06, 1.0795776e-06, 1.0795776e-06, 1.0795776e-06]"
136,0.05455982501880265,"['とこ', '元君', 'CPU', '総額', 'スペック', '田曽', '鉄の女', '毛穴', '生理', '仕事始め']","[0.99344176, 3.2073146e-07, 3.2073146e-07, 3.2073146e-07, 3.2073146e-07, 3.2073146e-07, 3.2073146e-07, 3.2073146e-07, 3.2073146e-07, 3.2073146e-07]"
138,0.05452723299040374,"['フロア', '笑い', '荷物', '仕事始め', '田曽', '鉄の女', '毛穴', '生理', '元君', '総額']","[0.65060085, 0.27505347, 0.023804663, 2.471829e-06, 2.471829e-06, 2.471829e-06, 2.471829e-06, 2.471829e-06, 2.471829e-06, 2.471829e-06]"
111,0.054412573223161474,"['生放送', '感想', '元君', 'ルンド', '総額', 'スペック', '田曽', '鉄の女', '毛穴', '生理']","[0.7183531, 0.2652843, 8.0022056e-07, 8.0022056e-07, 8.0022056e-07, 8.0022056e-07, 8.0022056e-07, 8.0022056e-07, 8.0022056e-07, 8.0022056e-07]"
82,0.054405335100605,"['現実', '時代', '感覚', 'ほん', '背筋', '毛穴', '生理', '元君', '田曽', '鉄の女']","[0.4902416, 0.33273926, 0.1177248, 0.036925152, 0.014949499, 3.629134e-07, 3.629134e-07, 3.629134e-07, 3.629134e-07, 3.629134e-07]"
180,0.054371676263841276,"['興味', 'そん', '元君', '総額', 'スペック', '田曽', '鉄の女', '毛穴', '生理', '争奪戦']","[0.5769427, 0.3927758, 1.4808967e-06, 1.4808967e-06, 1.4808967e-06, 1.4808967e-06, 1.4808967e-06, 1.4808967e-06, 1.4808967e-06, 1.4808967e-06]"
29,0.054291090571138026,"['ブランド', 'レストラン', '神様', 'リボン', '生理', '鉄の女', '毛穴', '田曽', 'ルンド', 'スペック']","[0.43980023, 0.24182883, 0.18195395, 0.07868281, 2.8237428e-06, 2.8237428e-06, 2.8237428e-06, 2.8237428e-06, 2.8237428e-06, 2.8237428e-06]"
91,0.054261803627990934,"['音源', 'ドラム', 'いやいや', '毛穴', '元君', 'CPU', '総額', 'スペック', '田曽', '鉄の女']","[0.82695955, 0.12785812, 0.033524305, 5.7014245e-07, 5.7014245e-07, 5.7014245e-07, 5.7014245e-07, 5.7014245e-07, 5.7014245e-07, 5.7014245e-07]"
160,0.054181305295038805,"['女子', 'ランキング', 'トップ', 'スペシャル', '分野', 'スペック', '総額', '田曽', '鉄の女', '言えなかったこと']","[0.3540085, 0.21045727, 0.18248595, 0.14859991, 0.085753515, 9.1439523e-07, 9.1439523e-07, 9.1439523e-07, 9.1439523e-07, 9.1439523e-07]"
158,0.05412428470854227,"['メイン', '仙台', 'ニュアンス', '今すぐ', '玉ねぎ', '鉄の女', '毛穴', '田曽', 'スペック', '仕事始め']","[0.38344407, 0.29019997, 0.13762578, 0.10199629, 0.04510575, 2.0361044e-06, 2.0361044e-06, 2.0361044e-06, 2.0361044e-06, 2.0361044e-06]"
155,0.05383967804454524,"['年前', '可能性', 'パン', '毛穴', '生理', 'CPU', '総額', 'スペック', '田曽', '鉄の女']","[0.4478303, 0.43210408, 0.11098794, 4.4396242e-07, 4.4396242e-07, 4.4396242e-07, 4.4396242e-07, 4.4396242e-07, 4.4396242e-07, 4.4396242e-07]"
92,0.05377134781001545,"['皆様', '手首', '司会者', '生理', '総額', 'スペック', '田曽', '鉄の女', '毛穴', 'CPU']","[0.816107, 0.038740307, 0.0042852084, 6.8893946e-06, 6.8893946e-06, 6.8893946e-06, 6.8893946e-06, 6.8893946e-06, 6.8893946e-06, 6.8893946e-06]"
43,0.05370864946747413,"['だし', '機会', '人数', '救い', 'ずっと前から好きでした。', '争奪戦', '総額', '田曽', 'トム', 'CPU']","[0.47244486, 0.3404108, 0.13454072, 0.027402217, 1.2325901e-06, 1.2325901e-06, 1.2325901e-06, 1.2325901e-06, 1.2325901e-06, 1.2325901e-06]"
108,0.05368333007932691,"['映像', 'またね', '紅生姜', '毛穴', '生理', '元君', '鉄の女', 'スペック', 'ルンド', '総額']","[0.55463487, 0.38068852, 0.0014968925, 3.0899182e-06, 3.0899182e-06, 3.0899182e-06, 3.0899182e-06, 3.0899182e-06, 3.0899182e-06, 3.0899182e-06]"
131,0.0536807740834306,"['イベント', 'ホテル', '売り場', '鉄の女', 'スペック', '毛穴', '総額', '田曽', '仕事始め', 'CPU']","[0.8116314, 0.17878988, 0.00015112487, 4.6106615e-07, 4.6106615e-07, 4.6106615e-07, 4.6106615e-07, 4.6106615e-07, 4.6106615e-07, 4.6106615e-07]"
70,0.053672920709705516,"['東京', 'ANN', '日本放送', '有楽町', '地獄', '田曽', '鉄の女', 'スペック', '争奪戦', 'CPU']","[0.40444368, 0.26727492, 0.21635967, 0.054096017, 0.0530214, 2.3498411e-07, 2.3498411e-07, 2.3498411e-07, 2.3498411e-07, 2.3498411e-07]"
63,0.05367048510309771,"['冗談', 'ネズミ', '仕事始め', '総額', 'スペック', '田曽', '鉄の女', '毛穴', '生理', '争奪戦']","[0.76835597, 0.07979771, 7.425966e-06, 7.425966e-06, 7.425966e-06, 7.425966e-06, 7.425966e-06, 7.425966e-06, 7.425966e-06, 7.425966e-06]"
18,0.05365267534354471,"['映画', 'スイッチ', 'お芝居', '生理', 'CPU', '総額', 'スペック', '田曽', '鉄の女', '毛穴']","[0.8100493, 0.13693129, 0.03928339, 6.71789e-07, 6.71789e-07, 6.71789e-07, 6.71789e-07, 6.71789e-07, 6.71789e-07, 6.71789e-07]"
77,0.053639365718610964,"['歌詞', '最終回', '初心者', '片足', 'もっともっと', '最前列', '総額', 'スペック', '鉄の女', 'CPU']","[0.8146105, 0.082263306, 0.052357126, 0.013381676, 0.010952309, 0.0037060003, 1.1117729e-06, 1.1117729e-06, 1.1117729e-06, 1.1117729e-06]"
48,0.0536119002193917,"['大阪', '兄弟', '生理', 'CPU', '総額', 'スペック', '田曽', '鉄の女', '毛穴', 'トム']","[0.5714124, 0.38933444, 1.9196702e-06, 1.9196702e-06, 1.9196702e-06, 1.9196702e-06, 1.9196702e-06, 1.9196702e-06, 1.9196702e-06, 1.9196702e-06]"
38,0.053610690449199305,"['直前', 'リスペクト', '面白', 'ジョジョ', 'CPU', '総額', 'スペック', '田曽', '鉄の女', '毛穴']","[0.43956956, 0.372609, 0.1045263, 0.037585195, 2.235638e-06, 2.235638e-06, 2.235638e-06, 2.235638e-06, 2.235638e-06, 2.235638e-06]"
164,0.053609706320254656,"['いち', '元君', '仕事始め', '総額', 'スペック', '田曽', '鉄の女', '毛穴', '生理', '争奪戦']","[0.8961326, 5.079344e-06, 5.079344e-06, 5.079344e-06, 5.079344e-06, 5.079344e-06, 5.079344e-06, 5.079344e-06, 5.079344e-06, 5.079344e-06]"
56,0.05346827194253454,"['都合', 'がん', 'ズル', 'わり', 'ルンド', '田曽', '鉄の女', '毛穴', '生理', '元君']","[0.6741707, 0.1197396, 0.08476477, 0.0022524274, 5.82375e-06, 5.82375e-06, 5.82375e-06, 5.82375e-06, 5.82375e-06, 5.82375e-06]"
34,0.05331411412946574,"['流れ', '仕事始め', 'ルンド', 'スペック', '田曽', '鉄の女', '毛穴', '生理', '元君', 'CPU']","[0.9253423, 3.6509307e-06, 3.6509307e-06, 3.6509307e-06, 3.6509307e-06, 3.6509307e-06, 3.6509307e-06, 3.6509307e-06, 3.6509307e-06, 3.6509307e-06]"
94,0.053270665659162865,"['同士', 'ふふ', '毛穴', '元君', 'CPU', '総額', 'スペック', '田曽', '鉄の女', 'トム']","[0.93123996, 0.04697811, 1.0652287e-06, 1.0652287e-06, 1.0652287e-06, 1.0652287e-06, 1.0652287e-06, 1.0652287e-06, 1.0652287e-06, 1.0652287e-06]"
119,0.05316888450752485,"['グッズ', 'キャラ', '生理', '仕事始め', 'CPU', '総額', 'スペック', '田曽', '鉄の女', '毛穴']","[0.5451467, 0.43561426, 9.4085846e-07, 9.4085846e-07, 9.4085846e-07, 9.4085846e-07, 9.4085846e-07, 9.4085846e-07, 9.4085846e-07, 9.4085846e-07]"
58,0.05287180995895855,"['遊び', '回目', '仕事始め', 'スペック', '田曽', '鉄の女', '毛穴', '生理', '元君', 'CPU']","[0.5219008, 0.43789074, 1.966373e-06, 1.966373e-06, 1.966373e-06, 1.966373e-06, 1.966373e-06, 1.966373e-06, 1.966373e-06, 1.966373e-06]"
193,0.05283000912770615,"['レベル', '音響', 'ばね', '総額', 'スペック', '田曽', '鉄の女', '毛穴', '生理', '元君']","[0.927059, 0.0126477685, 0.0031383703, 2.7952674e-06, 2.7952674e-06, 2.7952674e-06, 2.7952674e-06, 2.7952674e-06, 2.7952674e-06, 2.7952674e-06]"
195,0.05279112475728315,"['Tシャツ', '疲れ', '生理', 'ルンド', 'CPU', '総額', 'スペック', '田曽', '鉄の女', '毛穴']","[0.7485679, 0.21234347, 1.911614e-06, 1.911614e-06, 1.911614e-06, 1.911614e-06, 1.911614e-06, 1.911614e-06, 1.911614e-06, 1.911614e-06]"
121,0.05278377342735917,"['思い', '仕事始め', 'ニスヤキ', 'スペック', '田曽', '鉄の女', '毛穴', '生理', '元君', 'CPU']","[0.94889903, 2.4989406e-06, 2.4989406e-06, 2.4989406e-06, 2.4989406e-06, 2.4989406e-06, 2.4989406e-06, 2.4989406e-06, 2.4989406e-06, 2.4989406e-06]"
3,0.05275670959232881,"['音楽', '人間', '元君', 'CPU', '総額', 'スペック', '田曽', '鉄の女', '毛穴', '生理']","[0.6920548, 0.30353805, 2.1551907e-07, 2.1551907e-07, 2.1551907e-07, 2.1551907e-07, 2.1551907e-07, 2.1551907e-07, 2.1551907e-07, 2.1551907e-07]"
184,0.05275428623691749,"['状態', '初回', 'やな', 'よし', 'スペック', '毛穴', '元君', '鉄の女', '総額', '田曽']","[0.910324, 0.07707891, 0.0050938064, 0.00019292258, 3.5754152e-07, 3.5754152e-07, 3.5754152e-07, 3.5754152e-07, 3.5754152e-07, 3.5754152e-07]"
174,0.0526826329415373,"['立場', '廊下', 'きのこ', '元君', 'スペック', '田曽', '鉄の女', '毛穴', '生理', 'CPU']","[0.59847033, 0.22039865, 0.11177201, 3.3921349e-06, 3.3921349e-06, 3.3921349e-06, 3.3921349e-06, 3.3921349e-06, 3.3921349e-06, 3.3921349e-06]"
8,0.05256260901404654,"['最悪', '仕事始め', 'ニスヤキ', 'スペック', '田曽', '鉄の女', '毛穴', '生理', '元君', 'CPU']","[0.8551379, 7.0840656e-06, 7.0840656e-06, 7.0840656e-06, 7.0840656e-06, 7.0840656e-06, 7.0840656e-06, 7.0840656e-06, 7.0840656e-06, 7.0840656e-06]"
150,0.052223773937431016,"['店員', 'Uber Eats', '仕事始め', 'ニスヤキ', 'スペック', '田曽', '鉄の女', '毛穴', '生理', '元君']","[0.8952886, 0.020977313, 4.0949794e-06, 4.0949794e-06, 4.0949794e-06, 4.0949794e-06, 4.0949794e-06, 4.0949794e-06, 4.0949794e-06, 4.0949794e-06]"
109,0.05217477485843112,"['YouTube', '身長', '体重', '僕のこと', '鉄の女', '田曽', '総額', 'スペック', '争奪戦', 'CPU']","[0.8784336, 0.062614456, 0.026730193, 0.0077737537, 1.1957387e-06, 1.1957387e-06, 1.1957387e-06, 1.1957387e-06, 1.1957387e-06, 1.1957387e-06]"
190,0.05209190868809982,"['ドラマ', '仕事始め', 'ニスヤキ', 'スペック', '田曽', '鉄の女', '毛穴', '生理', '元君', 'CPU']","[0.96665746, 1.6305225e-06, 1.6305225e-06, 1.6305225e-06, 1.6305225e-06, 1.6305225e-06, 1.6305225e-06, 1.6305225e-06, 1.6305225e-06, 1.6305225e-06]"
12,0.0517968223316303,"['動物', '好きなんだけど', 'ゴリ', 'リス', '鉄の女', '田曽', '生理', 'スペック', 'ルンド', '総額']","[0.53978044, 0.3107109, 0.062691346, 0.031901125, 2.685916e-06, 2.685916e-06, 2.685916e-06, 2.685916e-06, 2.685916e-06, 2.685916e-06]"
41,0.05178350780551213,"['男の子', '高め', '様子', '醍醐味', '有田', '鉄の女', '田曽', '争奪戦', '総額', 'CPU']","[0.4811164, 0.22897711, 0.17912264, 0.052631013, 0.008812122, 2.4133342e-06, 2.4133342e-06, 2.4133342e-06, 2.4133342e-06, 2.4133342e-06]"
28,0.05176520250173842,"['息子', 'サイト', '片っ端', 'CPU', '総額', 'スペック', '田曽', '鉄の女', '毛穴', '元君']","[0.46729302, 0.45011467, 0.006022862, 3.7447699e-06, 3.7447699e-06, 3.7447699e-06, 3.7447699e-06, 3.7447699e-06, 3.7447699e-06, 3.7447699e-06]"
161,0.05167320152293954,"['カメ', 'プロジェクト', '右手', 'カスカス', '田曽', '毛穴', 'スペック', '総額', '仕事始め', 'CPU']","[0.5108498, 0.19776958, 0.18657443, 0.0064207823, 4.8119514e-06, 4.8119514e-06, 4.8119514e-06, 4.8119514e-06, 4.8119514e-06, 4.8119514e-06]"
57,0.05138499830017403,"['理想', '見え', '続き', '仕事始め', 'ニスヤキ', '田曽', '鉄の女', '毛穴', '生理', '元君']","[0.5008525, 0.2904593, 0.065750465, 6.99065e-06, 6.99065e-06, 6.99065e-06, 6.99065e-06, 6.99065e-06, 6.99065e-06, 6.99065e-06]"
84,0.05128374854534784,"['バズ', '一般', '完璧', 'アンチ', '争奪戦', 'CPU', '総額', 'スペック', '田曽', '毛穴']","[0.47001857, 0.21942818, 0.13378865, 0.12973726, 2.3000878e-06, 2.3000878e-06, 2.3000878e-06, 2.3000878e-06, 2.3000878e-06, 2.3000878e-06]"
13,0.051277446115747596,"['タイミング', 'わからん', '元君', 'ルンド', '総額', 'スペック', '田曽', '鉄の女', '毛穴', '生理']","[0.863102, 0.111319564, 1.2509021e-06, 1.2509021e-06, 1.2509021e-06, 1.2509021e-06, 1.2509021e-06, 1.2509021e-06, 1.2509021e-06, 1.2509021e-06]"
54,0.05119212143434763,"['are', 'インパクト', 'ライバル', 'フワちゃん', '陽子', 'ルンド', '鉄の女', '毛穴', '生理', '元君']","[0.40461788, 0.19658154, 0.16405235, 0.09815663, 0.0033144457, 6.5188124e-06, 6.5188124e-06, 6.5188124e-06, 6.5188124e-06, 6.5188124e-06]"
187,0.051124312542690155,"['ギャンブル', '吉本', '一年', '点差', '田曽', '総額', '毛穴', '仕事始め', 'スペック', 'CPU']","[0.32960936, 0.2824111, 0.24809232, 0.05524966, 4.1395692e-06, 4.1395692e-06, 4.1395692e-06, 4.1395692e-06, 4.1395692e-06, 4.1395692e-06]"
97,0.05110114590468652,"['月日', '楽しみ', '元君', 'CPU', '総額', 'スペック', '田曽', '鉄の女', '毛穴', '生理']","[0.56546086, 0.4266918, 3.8378795e-07, 3.8378795e-07, 3.8378795e-07, 3.8378795e-07, 3.8378795e-07, 3.8378795e-07, 3.8378795e-07, 3.8378795e-07]"
67,0.05087517836805573,"['青春', '記事', '生理', '仕事始め', 'CPU', '総額', 'スペック', '田曽', '鉄の女', '毛穴']","[0.95893985, 0.027607128, 6.5791244e-07, 6.5791244e-07, 6.5791244e-07, 6.5791244e-07, 6.5791244e-07, 6.5791244e-07, 6.5791244e-07, 6.5791244e-07]"
39,0.05082996207048933,"['番組', '仕事始め', 'ニスヤキ', 'スペック', '田曽', '鉄の女', '毛穴', '生理', '元君', 'CPU']","[0.99487233, 2.5076005e-07, 2.5076005e-07, 2.5076005e-07, 2.5076005e-07, 2.5076005e-07, 2.5076005e-07, 2.5076005e-07, 2.5076005e-07, 2.5076005e-07]"
30,0.050813458894385787,"['ここに', '単位', 'キモい', 'ポイント', '争奪戦', 'ずっと前から好きでした。', 'CPU', 'スペック', 'トム', '鉄の女']","[0.7955188, 0.115752585, 0.036882278, 0.03598856, 7.75597e-07, 7.75597e-07, 7.75597e-07, 7.75597e-07, 7.75597e-07, 7.75597e-07]"
115,0.050806660336554385,"['the', '何回', 'of', '毛穴', 'CPU', '総額', 'スペック', '田曽', '鉄の女', '争奪戦']","[0.6383963, 0.3094061, 0.033625208, 9.0831617e-07, 9.0831617e-07, 9.0831617e-07, 9.0831617e-07, 9.0831617e-07, 9.0831617e-07, 9.0831617e-07]"
55,0.0507117808273285,"['選手', '元君', '仕事始め', '総額', 'スペック', '田曽', '鉄の女', '毛穴', '生理', '争奪戦']","[0.98642063, 6.6406886e-07, 6.6406886e-07, 6.6406886e-07, 6.6406886e-07, 6.6406886e-07, 6.6406886e-07, 6.6406886e-07, 6.6406886e-07, 6.6406886e-07]"
33,0.05040350422231181,"['こいつ', '仕事始め', '総額', 'スペック', '田曽', '鉄の女', '毛穴', '生理', '元君', 'ルンド']","[0.95566595, 2.168029e-06, 2.168029e-06, 2.168029e-06, 2.168029e-06, 2.168029e-06, 2.168029e-06, 2.168029e-06, 2.168029e-06, 2.168029e-06]"
169,0.05036007532242274,"['バラエティ', '決勝', '生理', '仕事始め', '総額', 'スペック', '田曽', '鉄の女', '毛穴', '争奪戦']","[0.62785983, 0.31650087, 2.7209996e-06, 2.7209996e-06, 2.7209996e-06, 2.7209996e-06, 2.7209996e-06, 2.7209996e-06, 2.7209996e-06, 2.7209996e-06]"
23,0.050322943485631974,"['お金', '結果的', 'マインド', '生理', 'ルンド', '総額', 'スペック', '田曽', '鉄の女', '毛穴']","[0.93062186, 0.032182284, 0.008100979, 1.4229394e-06, 1.4229394e-06, 1.4229394e-06, 1.4229394e-06, 1.4229394e-06, 1.4229394e-06, 1.4229394e-06]"
61,0.05020965040350498,"['ギャグ', 'カップル', 'エグ', '生理', 'ルンド', '総額', 'スペック', '田曽', '鉄の女', '毛穴']","[0.8101786, 0.055989943, 0.026502922, 5.249115e-06, 5.249115e-06, 5.249115e-06, 5.249115e-06, 5.249115e-06, 5.249115e-06, 5.249115e-06]"
46,0.050030017796220606,"['ネタ', '尾崎', '元君', 'ルンド', 'スペック', '田曽', '鉄の女', '毛穴', '生理', 'CPU']","[0.9824978, 0.0010357195, 8.052791e-07, 8.052791e-07, 8.052791e-07, 8.052791e-07, 8.052791e-07, 8.052791e-07, 8.052791e-07, 8.052791e-07]"
145,0.04984587741084446,"['財布', 'ごめんね', '仕事始め', 'ニスヤキ', 'スペック', '田曽', '鉄の女', '毛穴', '生理', '元君']","[0.49411625, 0.46087816, 2.200977e-06, 2.200977e-06, 2.200977e-06, 2.200977e-06, 2.200977e-06, 2.200977e-06, 2.200977e-06, 2.200977e-06]"
149,0.04982272993213947,"['何それ', '盛り上がり', '保険', 'アナ', '鉄の女', '生理', 'CPU', '総額', 'スペック', '田曽']","[0.5440872, 0.24611655, 0.07333414, 0.046883315, 4.3812374e-06, 4.3812374e-06, 4.3812374e-06, 4.3812374e-06, 4.3812374e-06, 4.3812374e-06]"
183,0.04964519265028436,"['食べ物', 'マウント', '生理', '元君', '総額', 'スペック', '田曽', '鉄の女', '毛穴', '争奪戦']","[0.6998994, 0.21724576, 4.051974e-06, 4.051974e-06, 4.051974e-06, 4.051974e-06, 4.051974e-06, 4.051974e-06, 4.051974e-06, 4.051974e-06]"
152,0.04930479194592392,"['テンション', '作品', '生理', '仕事始め', '総額', 'スペック', '田曽', '鉄の女', '毛穴', '争奪戦']","[0.5570497, 0.43394402, 4.4046433e-07, 4.4046433e-07, 4.4046433e-07, 4.4046433e-07, 4.4046433e-07, 4.4046433e-07, 4.4046433e-07, 4.4046433e-07]"
154,0.04928981598368588,"['気分', '仕事始め', 'ニスヤキ', 'スペック', '田曽', '鉄の女', '毛穴', '生理', '元君', 'CPU']","[0.8803099, 5.8531077e-06, 5.8531077e-06, 5.8531077e-06, 5.8531077e-06, 5.8531077e-06, 5.8531077e-06, 5.8531077e-06, 5.8531077e-06, 5.8531077e-06]"
1,0.04903407246274058,"['アルバム', '叩き', '元君', 'ルンド', 'スペック', '田曽', '鉄の女', '毛穴', '生理', 'CPU']","[0.96631163, 0.0028191842, 1.5096563e-06, 1.5096563e-06, 1.5096563e-06, 1.5096563e-06, 1.5096563e-06, 1.5096563e-06, 1.5096563e-06, 1.5096563e-06]"
128,0.04862325598699637,"['センチ', 'かいや', '生理', 'CPU', '総額', 'スペック', '田曽', '鉄の女', '毛穴', 'トム']","[0.9477776, 0.010409821, 2.044828e-06, 2.044828e-06, 2.044828e-06, 2.044828e-06, 2.044828e-06, 2.044828e-06, 2.044828e-06, 2.044828e-06]"
143,0.048449547802808995,"['会場', '全国', 'バチバチ', '建物', 'ほぼほぼ', '田曽', '毛穴', '仕事始め', 'スペック', '総額']","[0.5159104, 0.36105198, 0.069824256, 0.024528906, 0.0061024586, 1.1045192e-06, 1.1045192e-06, 1.1045192e-06, 1.1045192e-06, 1.1045192e-06]"
140,0.04825729313598625,"['相手', '仕事始め', 'ルンド', 'スペック', '田曽', '鉄の女', '毛穴', '生理', '元君', 'CPU']","[0.9379821, 3.0328092e-06, 3.0328092e-06, 3.0328092e-06, 3.0328092e-06, 3.0328092e-06, 3.0328092e-06, 3.0328092e-06, 3.0328092e-06, 3.0328092e-06]"
95,0.04809674733873911,"['個人的', '偽物', '元君', 'ルンド', '総額', 'スペック', '田曽', '鉄の女', '毛穴', '生理']","[0.6071878, 0.22578643, 8.16832e-06, 8.16832e-06, 8.16832e-06, 8.16832e-06, 8.16832e-06, 8.16832e-06, 8.16832e-06, 8.16832e-06]"
133,0.047979296454903404,"['先生', 'テレビ', 'そば', '毛穴', '争奪戦', 'CPU', '総額', 'スペック', '田曽', '鉄の女']","[0.49228087, 0.44822335, 0.051007252, 4.1514815e-07, 4.1514815e-07, 4.1514815e-07, 4.1514815e-07, 4.1514815e-07, 4.1514815e-07, 4.1514815e-07]"
171,0.04792024445026617,"['私服', '仕事始め', 'ニスヤキ', 'スペック', '田曽', '鉄の女', '毛穴', '生理', '元君', 'CPU']","[0.8315797, 8.236118e-06, 8.236118e-06, 8.236118e-06, 8.236118e-06, 8.236118e-06, 8.236118e-06, 8.236118e-06, 8.236118e-06, 8.236118e-06]"
72,0.04759779871205559,"['タイプ', '見た目', '生理', '争奪戦', 'CPU', '総額', 'スペック', '田曽', '鉄の女', '毛穴']","[0.9162198, 0.06315955, 1.008443e-06, 1.008443e-06, 1.008443e-06, 1.008443e-06, 1.008443e-06, 1.008443e-06, 1.008443e-06, 1.008443e-06]"
98,0.047596299112388406,"['じゃなくて', 'ニスヤキ', 'スペック', '田曽', '鉄の女', '毛穴', '生理', '元君', '仕事始め', 'CPU']","[0.97625023, 1.1614316e-06, 1.1614316e-06, 1.1614316e-06, 1.1614316e-06, 1.1614316e-06, 1.1614316e-06, 1.1614316e-06, 1.1614316e-06, 1.1614316e-06]"
78,0.04746576660800845,"['ラジオ', '仕事始め', 'ニスヤキ', 'スペック', '田曽', '鉄の女', '毛穴', '生理', '元君', 'CPU']","[0.9948111, 2.5375874e-07, 2.5375874e-07, 2.5375874e-07, 2.5375874e-07, 2.5375874e-07, 2.5375874e-07, 2.5375874e-07, 2.5375874e-07, 2.5375874e-07]"
162,0.04740335949953957,"['あはは', '定番', 'やから', 'ビッグ', '生理', '仕事始め', 'スペック', '田曽', '鉄の女', '毛穴']","[0.6244001, 0.18611106, 0.119095095, 0.018170508, 2.5542067e-06, 2.5542067e-06, 2.5542067e-06, 2.5542067e-06, 2.5542067e-06, 2.5542067e-06]"
31,0.04720128335993464,"['人生', 'バカ', '生理', '仕事始め', 'CPU', '総額', 'スペック', '田曽', '鉄の女', '毛穴']","[0.7706197, 0.20594752, 1.1459715e-06, 1.1459715e-06, 1.1459715e-06, 1.1459715e-06, 1.1459715e-06, 1.1459715e-06, 1.1459715e-06, 1.1459715e-06]"
75,0.04702728495043147,"['ガチ', '人差し指', 'CPU', '総額', 'スペック', '田曽', '鉄の女', '毛穴', '生理', 'トム']","[0.90111834, 0.004288205, 4.6260443e-06, 4.6260443e-06, 4.6260443e-06, 4.6260443e-06, 4.6260443e-06, 4.6260443e-06, 4.6260443e-06, 4.6260443e-06]"
198,0.04695081747720276,"['お笑い', '音楽番組', '仕事始め', 'ニスヤキ', 'スペック', '田曽', '鉄の女', '毛穴', '生理', '元君']","[0.86656386, 0.08219918, 2.5057223e-06, 2.5057223e-06, 2.5057223e-06, 2.5057223e-06, 2.5057223e-06, 2.5057223e-06, 2.5057223e-06, 2.5057223e-06]"
151,0.046626937977854346,"['うそ', '動物園', '守り', 'コンプラ', 'スペック', 'CPU', '田曽', '毛穴', '総額', '争奪戦']","[0.828858, 0.06826898, 0.016796544, 0.013606891, 3.544445e-06, 3.544445e-06, 3.544445e-06, 3.544445e-06, 3.544445e-06, 3.544445e-06]"
199,0.046457071850063834,"['ボケ', '知らんけど', 'はち', 'カズ', '生理', '総額', 'スペック', '田曽', '鉄の女', '毛穴']","[0.68541676, 0.17064126, 0.06626245, 0.012572975, 3.1843228e-06, 3.1843228e-06, 3.1843228e-06, 3.1843228e-06, 3.1843228e-06, 3.1843228e-06]"
69,0.046361831517138866,"['パンパン', 'なんや', '元君', 'ルンド', '総額', 'スペック', '田曽', '鉄の女', '毛穴', '生理']","[0.44472927, 0.39818028, 7.682431e-06, 7.682431e-06, 7.682431e-06, 7.682431e-06, 7.682431e-06, 7.682431e-06, 7.682431e-06, 7.682431e-06]"
126,0.04625721467191617,"['芸人', '好きな人', '生理', '仕事始め', 'CPU', '総額', 'スペック', '田曽', '鉄の女', '毛穴']","[0.73341066, 0.24360229, 1.1241757e-06, 1.1241757e-06, 1.1241757e-06, 1.1241757e-06, 1.1241757e-06, 1.1241757e-06, 1.1241757e-06, 1.1241757e-06]"
73,0.0462072027606659,"['写真', 'しん', '生理', '仕事始め', 'CPU', '総額', 'スペック', '田曽', '鉄の女', '毛穴']","[0.59600276, 0.39228767, 5.7264015e-07, 5.7264015e-07, 5.7264015e-07, 5.7264015e-07, 5.7264015e-07, 5.7264015e-07, 5.7264015e-07, 5.7264015e-07]"
176,0.0461841170077251,"['パジャマ', '金太郎', '仕事始め', 'ニスヤキ', 'スペック', '田曽', '鉄の女', '毛穴', '生理', '元君']","[0.5323192, 0.28468007, 8.949573e-06, 8.949573e-06, 8.949573e-06, 8.949573e-06, 8.949573e-06, 8.949573e-06, 8.949573e-06, 8.949573e-06]"
74,0.04581112954094592,"['舞台', '出番', 'クソ', '生理', '元君', '仕事始め', 'スペック', '田曽', 'ニスヤキ', '鉄の女']","[0.8739536, 0.09437299, 0.0052997163, 1.2898588e-06, 1.2898588e-06, 1.2898588e-06, 1.2898588e-06, 1.2898588e-06, 1.2898588e-06, 1.2898588e-06]"
148,0.0453128775170799,"['ねここ', '全然大丈夫', '焼肉屋', '生理', 'CPU', '総額', 'スペック', '田曽', '鉄の女', '毛穴']","[0.45791408, 0.1882475, 0.16502677, 9.234195e-06, 9.234195e-06, 9.234195e-06, 9.234195e-06, 9.234195e-06, 9.234195e-06, 9.234195e-06]"
11,0.04497817663390409,"['関係者', 'くない', '一般人', '有名人', '元君', '仕事始め', '田曽', '鉄の女', '毛穴', '生理']","[0.5832396, 0.2638159, 0.07776064, 0.004850557, 3.4399507e-06, 3.4399507e-06, 3.4399507e-06, 3.4399507e-06, 3.4399507e-06, 3.4399507e-06]"
21,0.044843718083466336,"['バス', 'アホ', '元君', '総額', 'スペック', '田曽', '鉄の女', '毛穴', '生理', 'CPU']","[0.6529011, 0.18598026, 7.879436e-06, 7.879436e-06, 7.879436e-06, 7.879436e-06, 7.879436e-06, 7.879436e-06, 7.879436e-06, 7.879436e-06]"
117,0.044779906119833124,"['足元', '伝統', 'キモ', '元君', 'ルンド', 'スペック', '田曽', '鉄の女', '毛穴', '生理']","[0.6166759, 0.07562898, 0.047886897, 1.2706425e-05, 1.2706425e-05, 1.2706425e-05, 1.2706425e-05, 1.2706425e-05, 1.2706425e-05, 1.2706425e-05]"
114,0.04471110079230024,"['かなん', '好きだから', '元君', '総額', 'スペック', '田曽', '鉄の女', '毛穴', '生理', '争奪戦']","[0.60399354, 0.2722362, 6.0529196e-06, 6.0529196e-06, 6.0529196e-06, 6.0529196e-06, 6.0529196e-06, 6.0529196e-06, 6.0529196e-06, 6.0529196e-06]"
104,0.044291764639773655,"['種類', '仕事始め', '総額', 'スペック', '田曽', '鉄の女', '毛穴', '生理', '元君', '争奪戦']","[0.9382657, 3.018936e-06, 3.018936e-06, 3.018936e-06, 3.018936e-06, 3.018936e-06, 3.018936e-06, 3.018936e-06, 3.018936e-06, 3.018936e-06]"
101,0.04412341303988338,"['いない', '期間', 'ルンド', '田曽', '鉄の女', '毛穴', '生理', '元君', '仕事始め', '総額']","[0.6668404, 0.30421796, 1.4153792e-06, 1.4153792e-06, 1.4153792e-06, 1.4153792e-06, 1.4153792e-06, 1.4153792e-06, 1.4153792e-06, 1.4153792e-06]"
120,0.04409666657722387,"['メンツ', 'お客', '店内', '元君', 'ルンド', 'スペック', '田曽', '鉄の女', '毛穴', '生理']","[0.51198107, 0.19404845, 0.17446268, 5.8447667e-06, 5.8447667e-06, 5.8447667e-06, 5.8447667e-06, 5.8447667e-06, 5.8447667e-06, 5.8447667e-06]"
100,0.04320386867641245,"['そうかもしれない', '常識', '見送り', '関根', '田曽', 'スペック', '毛穴', 'CPU', '総額', '争奪戦']","[0.46297464, 0.23009591, 0.16342641, 0.0032656342, 6.85892e-06, 6.85892e-06, 6.85892e-06, 6.85892e-06, 6.85892e-06, 6.85892e-06]"
181,0.04301969356645645,"['場所', 'どうしたらいいの', '手前', '生理', 'ルンド', '総額', 'スペック', '田曽', '鉄の女', '毛穴']","[0.8565988, 0.06449765, 0.06157919, 8.4728674e-07, 8.4728674e-07, 8.4728674e-07, 8.4728674e-07, 8.4728674e-07, 8.4728674e-07, 8.4728674e-07]"
85,0.04288720739577537,"['二つ', '炭酸', '手応え', '元君', 'スペック', '仕事始め', '田曽', '生理', 'ルンド', '鉄の女']","[0.5660324, 0.15001325, 0.05083518, 1.1401153e-05, 1.1401153e-05, 1.1401153e-05, 1.1401153e-05, 1.1401153e-05, 1.1401153e-05, 1.1401153e-05]"
196,0.04237540826308188,"['どうでしょう', '劇場', '元君', 'ニスヤキ', '総額', 'スペック', '田曽', '鉄の女', '毛穴', '生理']","[0.6223563, 0.25199005, 6.1450414e-06, 6.1450414e-06, 6.1450414e-06, 6.1450414e-06, 6.1450414e-06, 6.1450414e-06, 6.1450414e-06, 6.1450414e-06]"
189,0.04233145654390376,"['別れ', 'ずい', '仕事始め', 'スペック', '田曽', '鉄の女', '毛穴', '生理', '元君', 'CPU']","[0.481751, 0.44223338, 3.7175048e-06, 3.7175048e-06, 3.7175048e-06, 3.7175048e-06, 3.7175048e-06, 3.7175048e-06, 3.7175048e-06, 3.7175048e-06]"
83,0.04189440668513836,"['Mステ', 'ムカ', 'ホント', '野望', '生理', '鉄の女', '元君', '田曽', 'ホジ', '毛穴']","[0.38286638, 0.16838683, 0.13877597, 0.049941387, 1.2717867e-05, 1.2717867e-05, 1.2717867e-05, 1.2717867e-05, 1.2717867e-05, 1.2717867e-05]"
186,0.041201205052266376,"['そうじゃない', '仕事始め', 'ニスヤキ', 'スペック', '田曽', '鉄の女', '毛穴', '生理', '元君', 'CPU']","[0.90777516, 4.50998e-06, 4.50998e-06, 4.50998e-06, 4.50998e-06, 4.50998e-06, 4.50998e-06, 4.50998e-06, 4.50998e-06, 4.50998e-06]"
17,0.04068610839971335,"['あるじゃん', '元君', 'ルンド', '総額', 'スペック', '田曽', '鉄の女', '毛穴', '生理', '争奪戦']","[0.9571214, 2.0968566e-06, 2.0968566e-06, 2.0968566e-06, 2.0968566e-06, 2.0968566e-06, 2.0968566e-06, 2.0968566e-06, 2.0968566e-06, 2.0968566e-06]"
157,0.04018010738506863,"['かな', '音色', 'ルンド', 'スペック', '田曽', '鉄の女', '毛穴', '生理', '元君', '仕事始め']","[0.93095535, 0.010571884, 2.8595837e-06, 2.8595837e-06, 2.8595837e-06, 2.8595837e-06, 2.8595837e-06, 2.8595837e-06, 2.8595837e-06, 2.8595837e-06]"
137,0.04017441805569665,"['なのかな', '元君', '仕事始め', '総額', 'スペック', '田曽', '鉄の女', '毛穴', '生理', '争奪戦']","[0.9315349, 3.3480992e-06, 3.3480992e-06, 3.3480992e-06, 3.3480992e-06, 3.3480992e-06, 3.3480992e-06, 3.3480992e-06, 3.3480992e-06, 3.3480992e-06]"
50,0.03952125262505101,"['大谷翔平', 'cm', '生理', 'CPU', '総額', 'スペック', '田曽', '鉄の女', '毛穴', '元君']","[0.5488878, 0.13624577, 1.539841e-05, 1.539841e-05, 1.539841e-05, 1.539841e-05, 1.539841e-05, 1.539841e-05, 1.539841e-05, 1.539841e-05]"
147,0.0388472828682893,"['MC', '基本', '元君', 'ルンド', '総額', 'スペック', '田曽', '鉄の女', '毛穴', '生理']","[0.7074144, 0.26271853, 1.4606328e-06, 1.4606328e-06, 1.4606328e-06, 1.4606328e-06, 1.4606328e-06, 1.4606328e-06, 1.4606328e-06, 1.4606328e-06]"
165,0.03634527080819107,"['美女', 'ポケモン', '生理', '仕事始め', '総額', 'スペック', '田曽', '鉄の女', '毛穴', '争奪戦']","[0.35965535, 0.23164673, 1.9987187e-05, 1.9987187e-05, 1.9987187e-05, 1.9987187e-05, 1.9987187e-05, 1.9987187e-05, 1.9987187e-05, 1.9987187e-05]"
26,0.03553596525694778,"['ロケット', '前田', 'ルンド', 'スペック', '田曽', '鉄の女', '毛穴', '生理', '元君', 'CPU']","[0.48992482, 0.12144538, 1.9005756e-05, 1.9005756e-05, 1.9005756e-05, 1.9005756e-05, 1.9005756e-05, 1.9005756e-05, 1.9005756e-05, 1.9005756e-05]"
